siteid,sitename,monitordate,aqi,so2subindex,cosubindex,o3subindex,pm10subindex,no2subindex,o38subindex,pm25subindex
85,大城,2023-10-22,49,2,3,,29,32,49,29
84,富貴角,2023-10-22,44,0,1,,32,2,44,21
83,麥寮,2023-10-22,34,5,3,,31,30,,34
80,關山,2023-10-22,35,0,2,,9,5,35,3
78,馬公,2023-10-22,42,0,1,,,3,42,26
77,金門,2023-10-22,48,8,2,,27,18,48,37
75,馬祖,2023-10-22,48,2,1,,22,7,48,27
72,埔里,2023-10-22,61,2,3,,30,10,61,53
71,復興,2023-10-22,58,8,6,,42,40,,58
70,永和,2023-10-22,30,2,2,,15,18,,30
69,竹山,2023-10-22,77,5,3,,40,27,77,75
68,中壢,2023-10-22,33,5,7,,12,33,,19
67,三重,2023-10-22,52,2,9,,18,52,,18
66,冬山,2023-10-22,33,2,2,,5,15,33,5
65,宜蘭,2023-10-22,34,2,1,,9,13,34,16
64,陽明,2023-10-22,41,2,1,,6,2,41,2
63,花蓮,2023-10-22,39,5,3,,13,18,39,13
62,臺東,2023-10-22,37,0,2,,14,8,37,10
61,恆春,2023-10-22,42,2,1,,11,2,42,7
60,潮州,2023-10-22,87,5,3,,31,8,87,54
59,屏東,2023-10-22,122,12,5,,48,22,122,76
58,小港,2023-10-22,67,18,5,,42,45,67,62
57,前鎮,2023-10-22,56,10,6,,44,37,,56
56,前金,2023-10-22,67,8,5,,47,38,67,60
54,左營,2023-10-22,74,8,5,,43,35,74,66
53,楠梓,2023-10-22,74,8,5,,42,30,74,54
52,林園,2023-10-22,93,8,3,,45,13,93,60
51,大寮,2023-10-22,70,20,6,,51,42,67,70
50,鳳山,2023-10-22,63,8,6,,43,38,,63
49,仁武,2023-10-22,80,5,5,,37,28,80,55
48,橋頭,2023-10-22,71,8,5,,41,28,71,60
47,美濃,2023-10-22,84,2,3,,35,12,84,58
46,臺南,2023-10-22,71,2,3,,37,33,71,56
45,安南,2023-10-22,67,5,3,,41,30,67,51
44,善化,2023-10-22,93,8,3,,39,28,93,63
43,新營,2023-10-22,74,8,5,,39,23,74,46
42,嘉義,2023-10-22,84,10,3,,38,23,84,62
41,臺西,2023-10-22,38,12,3,,38,28,,38
40,朴子,2023-10-22,64,12,3,,37,20,64,45
39,新港,2023-10-22,71,8,3,,41,23,71,54
38,崙背,2023-10-22,47,10,5,,35,23,46,47
37,斗六,2023-10-22,74,8,5,,42,20,74,66
36,南投,2023-10-22,64,5,3,,32,27,64,56
35,二林,2023-10-22,47,10,5,,36,32,47,36
34,線西,2023-10-22,32,12,3,,32,28,,9
33,彰化,2023-10-22,50,5,3,,29,32,50,40
32,西屯,2023-10-22,49,5,3,,26,33,49,48
31,忠明,2023-10-22,51,8,5,,26,38,51,48
30,大里,2023-10-22,64,5,5,,28,32,64,47
29,沙鹿,2023-10-22,47,2,2,,21,22,47,21
28,豐原,2023-10-22,56,10,3,,29,30,48,56
27,三義,2023-10-22,45,2,3,,17,18,45,31
26,苗栗,2023-10-22,39,8,2,,11,27,39,15
25,頭份,2023-10-22,25,2,2,,11,25,,12
24,新竹,2023-10-22,34,2,2,,7,18,34,13
23,竹東,2023-10-22,31,0,2,,7,13,31,17
22,湖口,2023-10-22,35,2,2,,14,12,35,19
21,龍潭,2023-10-22,34,2,2,,10,13,34,8
20,平鎮,2023-10-22,36,2,2,,9,12,36,8
19,觀音,2023-10-22,35,8,1,,18,13,35,23
18,大園,2023-10-22,35,2,2,,14,22,35,14
17,桃園,2023-10-22,35,2,2,,11,15,35,19
16,大同,2023-10-22,47,5,6,,20,47,,29
15,松山,2023-10-22,33,2,2,,14,33,31,18
14,古亭,2023-10-22,37,2,2,,15,20,37,23
13,萬華,2023-10-22,33,0,3,,18,33,33,23
12,中山,2023-10-22,30,2,3,,16,28,30,20
11,士林,2023-10-22,37,2,1,,14,10,37,22
10,淡水,2023-10-22,37,2,1,,16,10,37,14
9,林口,2023-10-22,36,2,2,,15,12,36,10
8,菜寮,2023-10-22,34,2,2,,17,20,34,13
7,新莊,2023-10-22,35,0,2,,14,18,35,26
6,板橋,2023-10-22,35,0,3,,14,20,35,22
5,土城,2023-10-22,35,0,2,,14,15,35,31
4,新店,2023-10-22,35,2,2,,12,18,35,15
3,萬里,2023-10-22,39,5,1,,27,15,39,18
2,汐止,2023-10-22,30,2,2,,16,30,30,20
1,基隆,2023-10-22,33,2,3,,16,20,33,23
85,大城,2023-10-21,48,5,2,,26,18,48,25
84,富貴角,2023-10-21,49,0,1,,43,2,49,34
83,麥寮,2023-10-21,31,8,2,,31,15,,23
80,關山,2023-10-21,38,2,2,,16,7,38,
78,馬公,2023-10-21,47,0,2,,,3,47,33
77,金門,2023-10-21,64,2,3,,27,15,64,45
75,馬祖,2023-10-21,54,2,3,,27,7,54,33
72,埔里,2023-10-21,54,2,3,,26,15,41,54
71,復興,2023-10-21,40,5,7,,39,40,,
70,永和,2023-10-21,38,2,5,,19,27,,38
69,竹山,2023-10-21,52,0,3,,27,25,49,52
68,中壢,2023-10-21,37,2,7,,18,37,,27
67,三重,2023-10-21,52,2,10,,19,52,,24
66,冬山,2023-10-21,35,2,3,,10,35,32,13
65,宜蘭,2023-10-21,36,2,1,,8,13,36,17
64,陽明,2023-10-21,44,5,2,,5,2,44,4
63,花蓮,2023-10-21,42,0,3,,14,20,42,13
62,臺東,2023-10-21,40,2,2,,20,13,40,10
61,恆春,2023-10-21,46,2,2,,12,2,46,7
60,潮州,2023-10-21,67,12,3,,34,10,67,63
59,屏東,2023-10-21,71,2,5,,46,27,71,71
58,小港,2023-10-21,58,8,5,,43,55,51,58
57,前鎮,2023-10-21,52,10,5,,42,35,,52
56,前金,2023-10-21,71,5,5,,42,32,71,52
54,左營,2023-10-21,100,5,5,,40,28,100,62
53,楠梓,2023-10-21,74,5,3,,38,28,74,46
52,林園,2023-10-21,93,18,3,,47,43,93,61
51,大寮,2023-10-21,64,30,5,,49,40,44,64
50,鳳山,2023-10-21,53,8,6,,36,38,,53
49,仁武,2023-10-21,87,5,5,,35,33,87,49
48,橋頭,2023-10-21,67,5,5,,39,23,67,55
47,美濃,2023-10-21,56,2,3,,35,15,54,56
46,臺南,2023-10-21,74,2,5,,38,30,74,55
45,安南,2023-10-21,61,5,3,,37,23,61,45
44,善化,2023-10-21,67,5,3,,29,20,67,40
43,新營,2023-10-21,49,8,3,,30,25,49,32
42,嘉義,2023-10-21,49,10,3,,27,22,49,49
41,臺西,2023-10-21,29,8,2,,29,17,,26
40,朴子,2023-10-21,46,8,2,,33,18,46,32
39,新港,2023-10-21,46,8,3,,33,22,46,36
38,崙背,2023-10-21,41,5,3,,30,22,41,28
37,斗六,2023-10-21,46,5,5,,28,18,46,45
36,南投,2023-10-21,38,2,3,,19,28,38,28
35,二林,2023-10-21,44,8,5,,34,20,44,39
34,線西,2023-10-21,28,8,3,,25,28,,15
33,彰化,2023-10-21,39,2,3,,17,23,39,24
32,西屯,2023-10-21,38,2,2,,16,22,38,22
31,忠明,2023-10-21,36,5,3,,14,33,36,23
30,大里,2023-10-21,35,2,5,,12,35,33,24
29,沙鹿,2023-10-21,43,0,2,,16,17,43,13
28,豐原,2023-10-21,36,2,3,,12,27,36,24
27,三義,2023-10-21,39,0,2,,9,7,39,14
26,苗栗,2023-10-21,40,8,3,,12,27,40,13
25,頭份,2023-10-21,15,2,2,,15,15,,15
24,新竹,2023-10-21,37,2,3,,14,18,37,22
23,竹東,2023-10-21,39,0,2,,8,8,39,16
22,湖口,2023-10-21,38,0,2,,22,13,38,31
21,龍潭,2023-10-21,37,2,2,,13,13,37,18
20,平鎮,2023-10-21,34,5,3,,14,22,34,20
19,觀音,2023-10-21,40,5,2,,26,22,40,36
18,大園,2023-10-21,34,10,2,,22,33,34,28
17,桃園,2023-10-21,32,5,5,,15,22,32,23
16,大同,2023-10-21,54,2,7,,20,54,,38
15,松山,2023-10-21,48,2,2,,20,48,33,28
14,古亭,2023-10-21,35,2,3,,17,25,35,31
13,萬華,2023-10-21,38,2,3,,22,38,34,33
12,中山,2023-10-21,35,2,3,,18,35,33,31
11,士林,2023-10-21,38,2,2,,10,12,38,29
10,淡水,2023-10-21,39,2,2,,18,15,39,23
9,林口,2023-10-21,37,0,3,,17,37,34,15
8,菜寮,2023-10-21,34,5,5,,19,25,34,18
7,新莊,2023-10-21,36,2,3,,16,35,34,36
6,板橋,2023-10-21,32,2,3,,16,27,32,31
5,土城,2023-10-21,36,2,3,,17,17,36,36
4,新店,2023-10-21,36,2,3,,15,25,36,26
3,萬里,2023-10-21,55,5,2,,55,10,45,30
2,汐止,2023-10-21,32,2,2,,18,28,32,23
1,基隆,2023-10-21,41,2,2,,22,20,41,27
85,大城,2023-10-20,67,2,2,,36,17,67,55
84,富貴角,2023-10-20,51,0,3,,34,17,51,44
83,麥寮,2023-10-20,60,8,2,,43,15,,60
80,關山,2023-10-20,31,2,2,,17,7,31,13
78,馬公,2023-10-20,64,0,2,,25,7,64,51
77,金門,2023-10-20,122,10,7,,63,52,122,119
75,馬祖,2023-10-20,43,2,3,,19,18,43,40
72,埔里,2023-10-20,70,2,3,,36,13,51,70
71,復興,2023-10-20,70,8,8,,41,45,,70
70,永和,2023-10-20,58,2,12,,25,57,,58
69,竹山,2023-10-20,77,2,2,,29,20,77,61
68,中壢,2023-10-20,69,5,9,,38,56,,69
67,三重,2023-10-20,62,5,12,,26,62,,49
66,冬山,2023-10-20,46,2,3,,18,20,46,20
65,宜蘭,2023-10-20,42,2,2,,16,18,42,32
64,陽明,2023-10-20,58,5,3,,17,13,58,
63,花蓮,2023-10-20,43,12,3,,20,13,43,21
62,臺東,2023-10-20,33,2,2,,18,13,33,17
61,恆春,2023-10-20,37,2,1,,15,2,37,20
60,潮州,2023-10-20,90,5,2,,35,13,90,72
59,屏東,2023-10-20,97,5,5,,48,37,97,77
58,小港,2023-10-20,72,8,5,,43,43,58,72
57,前鎮,2023-10-20,62,10,6,,43,45,,62
56,前金,2023-10-20,87,2,5,,42,40,87,64
54,左營,2023-10-20,90,5,6,,40,32,90,69
53,楠梓,2023-10-20,90,5,3,,44,43,90,61
52,林園,2023-10-20,87,12,3,,50,17,87,75
51,大寮,2023-10-20,77,12,5,,52,33,77,75
50,鳳山,2023-10-20,69,10,7,,45,43,,69
49,仁武,2023-10-20,97,15,5,,40,50,97,65
48,橋頭,2023-10-20,90,8,3,,42,33,90,68
47,美濃,2023-10-20,64,5,3,,36,23,64,62
46,臺南,2023-10-20,84,2,3,,41,37,84,64
45,安南,2023-10-20,77,5,3,,43,48,77,63
44,善化,2023-10-20,67,18,2,,25,25,67,58
43,新營,2023-10-20,61,5,3,,41,20,61,53
42,嘉義,2023-10-20,74,5,3,,36,22,74,60
41,臺西,2023-10-20,53,8,2,,39,17,,53
40,朴子,2023-10-20,64,12,2,,42,18,64,63
39,新港,2023-10-20,50,2,2,,,18,50,
38,崙背,2023-10-20,65,5,2,,46,17,54,65
37,斗六,2023-10-20,67,8,3,,38,18,67,58
36,南投,2023-10-20,64,2,3,,35,25,64,56
35,二林,2023-10-20,70,10,2,,53,17,54,70
34,線西,2023-10-20,64,8,3,,45,18,,64
33,彰化,2023-10-20,70,10,5,,45,35,46,70
32,西屯,2023-10-20,67,5,3,,42,30,46,67
31,忠明,2023-10-20,65,5,3,,36,42,46,65
30,大里,2023-10-20,63,8,5,,38,28,48,63
29,沙鹿,2023-10-20,57,5,3,,39,25,47,57
28,豐原,2023-10-20,70,10,3,,37,22,45,70
27,三義,2023-10-20,65,2,5,,35,27,44,65
26,苗栗,2023-10-20,52,5,3,,28,20,41,52
25,頭份,2023-10-20,47,5,3,,29,18,,47
24,新竹,2023-10-20,51,2,3,,23,25,40,51
23,竹東,2023-10-20,59,5,3,,24,15,41,59
22,湖口,2023-10-20,57,2,3,,27,20,42,57
21,龍潭,2023-10-20,65,2,5,,32,22,38,65
20,平鎮,2023-10-20,56,5,5,,34,38,34,56
19,觀音,2023-10-20,52,2,2,,29,15,44,52
18,大園,2023-10-20,50,8,3,,28,20,43,50
17,桃園,2023-10-20,69,2,5,,34,28,38,69
16,大同,2023-10-20,64,5,19,,26,64,,56
15,松山,2023-10-20,50,5,5,,20,50,34,42
14,古亭,2023-10-20,53,5,5,,23,35,33,53
13,萬華,2023-10-20,52,5,6,,27,50,29,52
12,中山,2023-10-20,54,2,7,,24,54,28,53
11,士林,2023-10-20,61,2,5,,24,53,34,61
10,淡水,2023-10-20,44,5,5,,26,30,44,43
9,林口,2023-10-20,56,2,5,,27,42,43,56
8,菜寮,2023-10-20,50,5,6,,24,50,38,46
7,新莊,2023-10-20,59,10,5,,23,35,42,59
6,板橋,2023-10-20,62,5,6,,27,32,35,62
5,土城,2023-10-20,74,2,6,,34,35,33,74
4,新店,2023-10-20,39,2,5,,21,32,39,38
3,萬里,2023-10-20,54,5,3,,37,23,54,46
2,汐止,2023-10-20,52,2,6,,23,52,40,49
1,基隆,2023-10-20,46,2,5,,24,37,46,44
85,大城,2023-10-19,104,0,2,,40,18,104,56
84,富貴角,2023-10-19,51,0,2,,27,8,51,48
83,麥寮,2023-10-19,65,22,2,,41,32,,65
80,關山,2023-10-19,34,2,2,,22,7,34,25
78,馬公,2023-10-19,71,0,2,,30,5,71,52
77,金門,2023-10-19,104,20,5,,68,52,104,99
75,馬祖,2023-10-19,58,8,5,,35,10,54,58
72,埔里,2023-10-19,74,2,3,,37,8,74,73
71,復興,2023-10-19,84,2,7,,47,38,,84
70,永和,2023-10-19,54,2,8,,22,42,,54
69,竹山,2023-10-19,101,2,3,,39,13,101,84
68,中壢,2023-10-19,113,8,16,,59,69,,113
67,三重,2023-10-19,62,5,11,,27,62,,51
66,冬山,2023-10-19,42,0,6,,24,23,42,39
65,宜蘭,2023-10-19,48,2,3,,24,12,44,48
64,陽明,2023-10-19,45,2,3,,20,7,45,37
63,花蓮,2023-10-19,46,2,3,,27,17,39,46
62,臺東,2023-10-19,41,0,2,,25,18,41,36
61,恆春,2023-10-19,51,2,2,,19,2,51,23
60,潮州,2023-10-19,192,15,5,,56,20,192,103
59,屏東,2023-10-19,118,5,5,,48,28,118,77
58,小港,2023-10-19,115,15,5,,48,43,115,88
57,前鎮,2023-10-19,80,8,7,,48,35,,80
56,前金,2023-10-19,118,2,7,,54,32,118,83
54,左營,2023-10-19,112,5,7,,54,50,112,95
53,楠梓,2023-10-19,115,8,6,,57,51,115,85
52,林園,2023-10-19,151,10,6,,64,17,151,99
51,大寮,2023-10-19,140,12,5,,58,38,140,93
50,鳳山,2023-10-19,79,5,7,,48,30,,79
49,仁武,2023-10-19,115,12,6,,47,40,115,84
48,橋頭,2023-10-19,104,5,5,,49,35,104,88
47,美濃,2023-10-19,118,2,5,,41,12,118,70
46,臺南,2023-10-19,84,2,6,,45,45,84,83
45,安南,2023-10-19,80,5,5,,49,37,71,80
44,善化,2023-10-19,68,10,3,,32,28,46,68
43,新營,2023-10-19,79,8,5,,51,28,74,79
42,嘉義,2023-10-19,90,5,5,,45,27,90,80
41,臺西,2023-10-19,57,5,2,,43,15,,57
40,朴子,2023-10-19,70,8,3,,41,12,67,70
39,新港,2023-10-19,81,5,3,,52,17,74,81
38,崙背,2023-10-19,84,8,3,,49,18,84,81
37,斗六,2023-10-19,100,5,5,,57,23,100,89
36,南投,2023-10-19,84,2,5,,49,15,77,84
35,二林,2023-10-19,90,5,3,,64,13,90,89
34,線西,2023-10-19,73,8,5,,58,33,,73
33,彰化,2023-10-19,115,8,6,,64,32,115,102
32,西屯,2023-10-19,129,10,6,,75,40,129,125
31,忠明,2023-10-19,136,10,7,,66,35,136,114
30,大里,2023-10-19,112,18,6,,66,42,100,112
29,沙鹿,2023-10-19,115,12,6,,68,48,115,106
28,豐原,2023-10-19,140,10,5,,65,25,140,122
27,三義,2023-10-19,146,5,5,,61,15,146,115
26,苗栗,2023-10-19,129,8,5,,49,22,129,97
25,頭份,2023-10-19,88,5,5,,47,32,,88
24,新竹,2023-10-19,169,5,6,,44,28,169,94
23,竹東,2023-10-19,172,8,6,,45,22,172,96
22,湖口,2023-10-19,195,8,6,,60,42,195,125
21,龍潭,2023-10-19,174,5,6,,52,30,174,98
20,平鎮,2023-10-19,143,5,7,,74,47,143,99
19,觀音,2023-10-19,143,8,6,,52,45,143,109
18,大園,2023-10-19,115,10,6,,51,56,115,90
17,桃園,2023-10-19,118,12,7,,47,37,118,97
16,大同,2023-10-19,68,5,22,,32,68,,61
15,松山,2023-10-19,43,2,5,,23,43,36,40
14,古亭,2023-10-19,53,2,3,,23,28,42,53
13,萬華,2023-10-19,57,5,6,,30,48,39,57
12,中山,2023-10-19,54,2,5,,24,51,38,54
11,士林,2023-10-19,58,5,3,,22,30,58,47
10,淡水,2023-10-19,74,8,5,,31,43,74,56
9,林口,2023-10-19,97,8,6,,42,45,97,80
8,菜寮,2023-10-19,74,8,6,,31,43,74,53
7,新莊,2023-10-19,84,8,7,,37,42,84,79
6,板橋,2023-10-19,70,5,6,,33,40,50,70
5,土城,2023-10-19,100,8,7,,41,42,100,89
4,新店,2023-10-19,44,0,5,,20,22,44,41
3,萬里,2023-10-19,42,10,3,,20,23,42,36
2,汐止,2023-10-19,47,0,3,,19,47,37,42
1,基隆,2023-10-19,42,2,3,,19,38,42,34
85,大城,2023-10-18,118,5,3,,56,32,118,71
84,富貴角,2023-10-18,93,0,2,,31,5,93,49
83,麥寮,2023-10-18,79,12,5,,54,25,,79
80,關山,2023-10-18,43,2,3,,27,15,43,37
78,馬公,2023-10-18,90,0,2,,34,5,90,56
77,金門,2023-10-18,118,10,5,,51,20,118,83
75,馬祖,2023-10-18,112,2,5,,43,8,112,84
72,埔里,2023-10-18,68,5,6,,35,18,58,68
71,復興,2023-10-18,91,5,8,,49,54,,91
70,永和,2023-10-18,62,2,6,,26,38,,62
69,竹山,2023-10-18,104,5,5,,48,20,93,104
68,中壢,2023-10-18,68,12,12,,38,62,,68
67,三重,2023-10-18,60,0,12,,28,60,,54
66,冬山,2023-10-18,56,2,6,,33,35,48,56
65,宜蘭,2023-10-18,80,2,5,,30,28,80,66
64,陽明,2023-10-18,74,5,2,,22,3,74,41
63,花蓮,2023-10-18,64,5,5,,32,23,64,55
62,臺東,2023-10-18,64,0,5,,31,13,64,50
61,恆春,2023-10-18,100,2,2,,23,2,100,51
60,潮州,2023-10-18,136,25,5,,57,17,136,104
59,屏東,2023-10-18,112,10,6,,50,33,112,76
58,小港,2023-10-18,89,5,6,,52,52,64,89
57,前鎮,2023-10-18,88,8,8,,55,52,,88
56,前金,2023-10-18,101,5,7,,65,48,97,101
54,左營,2023-10-18,115,5,7,,59,57,115,108
53,楠梓,2023-10-18,85,10,6,,57,47,84,85
52,林園,2023-10-18,132,8,5,,63,22,132,102
51,大寮,2023-10-18,104,8,6,,70,45,71,104
50,鳳山,2023-10-18,76,8,11,,46,43,,76
49,仁武,2023-10-18,93,8,6,,45,52,93,81
48,橋頭,2023-10-18,96,8,5,,58,42,87,96
47,美濃,2023-10-18,55,2,3,,30,15,49,55
46,臺南,2023-10-18,119,5,8,,72,50,80,119
45,安南,2023-10-18,127,8,7,,82,55,93,127
44,善化,2023-10-18,121,12,5,,70,30,71,121
43,新營,2023-10-18,107,8,6,,80,28,54,107
42,嘉義,2023-10-18,120,8,6,,73,27,71,120
41,臺西,2023-10-18,71,15,3,,50,25,,71
40,朴子,2023-10-18,92,12,5,,59,20,87,92
39,新港,2023-10-18,108,12,5,,73,28,93,108
38,崙背,2023-10-18,126,12,6,,68,25,126,103
37,斗六,2023-10-18,126,10,7,,85,32,108,126
36,南投,2023-10-18,100,8,7,,55,50,100,95
35,二林,2023-10-18,140,8,6,,78,27,140,110
34,線西,2023-10-18,71,12,6,,56,42,,71
33,彰化,2023-10-18,150,32,6,,68,30,150,109
32,西屯,2023-10-18,136,8,7,,70,58,136,118
31,忠明,2023-10-18,143,8,7,,64,48,143,109
30,大里,2023-10-18,129,12,7,,59,50,129,99
29,沙鹿,2023-10-18,143,5,7,,61,42,143,97
28,豐原,2023-10-18,159,5,6,,55,27,159,105
27,三義,2023-10-18,151,5,5,,46,20,151,92
26,苗栗,2023-10-18,146,5,6,,41,27,146,82
25,頭份,2023-10-18,83,8,5,,47,30,,83
24,新竹,2023-10-18,140,8,7,,39,60,140,81
23,竹東,2023-10-18,172,5,5,,35,25,172,80
22,湖口,2023-10-18,159,5,6,,48,48,159,91
21,龍潭,2023-10-18,169,2,7,,39,52,169,77
20,平鎮,2023-10-18,140,2,6,,32,47,140,62
19,觀音,2023-10-18,84,8,6,,43,56,84,75
18,大園,2023-10-18,100,10,5,,30,43,100,56
17,桃園,2023-10-18,100,5,6,,28,35,100,58
16,大同,2023-10-18,61,2,10,,30,59,,61
15,松山,2023-10-18,56,2,5,,29,52,50,56
14,古亭,2023-10-18,64,2,3,,27,32,58,64
13,萬華,2023-10-18,64,0,5,,31,52,64,60
12,中山,2023-10-18,56,0,6,,29,52,54,56
11,士林,2023-10-18,77,0,3,,23,18,77,49
10,淡水,2023-10-18,87,2,2,,27,12,87,48
9,林口,2023-10-18,77,0,3,,29,30,77,56
8,菜寮,2023-10-18,71,2,5,,30,32,71,49
7,新莊,2023-10-18,71,0,5,,34,32,71,64
6,板橋,2023-10-18,61,2,6,,27,37,61,60
5,土城,2023-10-18,67,2,5,,27,22,67,63
4,新店,2023-10-18,84,2,3,,26,22,84,54
3,萬里,2023-10-18,67,8,3,,29,18,67,54
2,汐止,2023-10-18,57,0,3,,27,38,48,57
1,基隆,2023-10-18,64,2,3,,26,12,64,53
85,大城,2023-10-17,161,8,5,,57,43,161,76
84,富貴角,2023-10-17,161,0,2,,43,5,161,64
83,麥寮,2023-10-17,83,12,7,,59,48,,83
80,關山,2023-10-17,44,2,3,,30,13,43,44
78,馬公,2023-10-17,146,0,3,,38,5,146,68
77,金門,2023-10-17,166,8,3,,54,18,166,86
75,馬祖,2023-10-17,161,2,3,,48,10,161,91
72,埔里,2023-10-17,65,2,5,,32,15,36,65
71,復興,2023-10-17,111,8,10,,62,62,,111
70,永和,2023-10-17,76,2,6,,37,28,,76
69,竹山,2023-10-17,126,5,5,,64,32,61,126
68,中壢,2023-10-17,69,5,11,,40,59,,69
67,三重,2023-10-17,71,2,11,,38,69,,71
66,冬山,2023-10-17,61,0,3,,38,23,61,61
65,宜蘭,2023-10-17,90,2,3,,34,18,90,70
64,陽明,2023-10-17,140,5,2,,38,3,140,59
63,花蓮,2023-10-17,64,2,6,,37,43,41,64
62,臺東,2023-10-17,49,2,3,,33,17,49,49
61,恆春,2023-10-17,112,2,2,,33,2,112,44
60,潮州,2023-10-17,88,10,5,,46,18,77,88
59,屏東,2023-10-17,104,2,9,,63,50,58,104
58,小港,2023-10-17,103,15,8,,62,60,71,103
57,前鎮,2023-10-17,106,8,10,,67,66,,106
56,前金,2023-10-17,99,5,7,,69,50,84,99
54,左營,2023-10-17,119,8,7,,66,48,93,119
53,楠梓,2023-10-17,100,8,6,,64,45,61,100
52,林園,2023-10-17,99,8,5,,63,28,90,99
51,大寮,2023-10-17,123,12,6,,75,56,48,123
50,鳳山,2023-10-17,109,5,10,,65,55,,109
49,仁武,2023-10-17,102,10,7,,58,52,80,102
48,橋頭,2023-10-17,113,10,6,,66,40,54,113
47,美濃,2023-10-17,60,5,5,,34,13,44,60
46,臺南,2023-10-17,141,5,8,,77,52,44,141
45,安南,2023-10-17,129,5,8,,83,52,49,129
44,善化,2023-10-17,117,18,6,,68,35,42,117
43,新營,2023-10-17,103,8,6,,72,43,61,103
42,嘉義,2023-10-17,125,10,8,,77,47,51,125
41,臺西,2023-10-17,75,10,6,,55,40,,75
40,朴子,2023-10-17,100,8,6,,65,25,100,92
39,新港,2023-10-17,105,8,5,,72,23,90,105
38,崙背,2023-10-17,97,15,6,,67,37,90,97
37,斗六,2023-10-17,120,5,7,,81,37,67,120
36,南投,2023-10-17,98,8,6,,56,50,58,98
35,二林,2023-10-17,118,18,7,,68,38,118,85
34,線西,2023-10-17,62,15,6,,52,50,,62
33,彰化,2023-10-17,104,2,6,,52,55,104,79
32,西屯,2023-10-17,101,5,6,,48,51,101,85
31,忠明,2023-10-17,101,8,7,,51,57,101,85
30,大里,2023-10-17,94,8,7,,63,60,49,94
29,沙鹿,2023-10-17,140,2,5,,46,38,140,72
28,豐原,2023-10-17,97,12,5,,46,28,97,83
27,三義,2023-10-17,122,8,3,,34,18,122,67
26,苗栗,2023-10-17,122,12,5,,35,33,122,65
25,頭份,2023-10-17,65,5,3,,40,30,,65
24,新竹,2023-10-17,126,2,5,,32,22,126,67
23,竹東,2023-10-17,90,2,3,,29,20,90,64
22,湖口,2023-10-17,126,5,3,,42,17,126,72
21,龍潭,2023-10-17,104,2,3,,36,22,104,61
20,平鎮,2023-10-17,115,2,5,,35,22,115,63
19,觀音,2023-10-17,118,22,5,,53,27,118,84
18,大園,2023-10-17,108,5,3,,40,33,108,65
17,桃園,2023-10-17,112,2,5,,36,27,112,70
16,大同,2023-10-17,80,5,9,,45,69,,80
15,松山,2023-10-17,93,2,5,,43,59,93,70
14,古亭,2023-10-17,126,2,3,,37,23,126,77
13,萬華,2023-10-17,101,2,6,,43,54,101,72
12,中山,2023-10-17,93,2,6,,40,53,93,72
11,士林,2023-10-17,129,5,3,,33,20,129,65
10,淡水,2023-10-17,126,2,3,,40,18,126,65
9,林口,2023-10-17,115,2,3,,39,27,115,65
8,菜寮,2023-10-17,126,2,5,,38,30,126,63
7,新莊,2023-10-17,122,2,5,,,30,122,75
6,板橋,2023-10-17,108,2,5,,37,33,108,72
5,土城,2023-10-17,112,2,5,,39,22,112,71
4,新店,2023-10-17,122,2,3,,37,25,122,67
3,萬里,2023-10-17,154,2,3,,47,18,154,66
2,汐止,2023-10-17,118,2,3,,37,52,118,67
1,基隆,2023-10-17,136,2,5,,37,33,136,70
85,大城,2023-10-16,150,0,3,,46,8,150,65
84,富貴角,2023-10-16,174,0,2,,48,3,174,62
83,麥寮,2023-10-16,74,8,3,,51,17,,74
80,關山,2023-10-16,61,2,3,,27,8,61,41
78,馬公,2023-10-16,140,2,3,,34,5,140,66
77,金門,2023-10-16,156,8,5,,48,20,156,84
75,馬祖,2023-10-16,161,8,6,,45,12,161,85
72,埔里,2023-10-16,62,2,5,,29,15,45,62
71,復興,2023-10-16,104,8,10,,58,57,,104
70,永和,2023-10-16,69,5,5,,38,23,,69
69,竹山,2023-10-16,117,2,5,,56,23,71,117
68,中壢,2023-10-16,67,8,8,,42,52,,67
67,三重,2023-10-16,68,2,11,,39,68,,67
66,冬山,2023-10-16,57,2,3,,35,22,47,57
65,宜蘭,2023-10-16,64,2,3,,29,20,44,64
64,陽明,2023-10-16,146,0,3,,32,3,146,56
63,花蓮,2023-10-16,61,2,5,,31,30,61,56
62,臺東,2023-10-16,67,2,3,,29,15,67,46
61,恆春,2023-10-16,101,0,2,,38,2,101,41
60,潮州,2023-10-16,74,5,3,,40,13,58,74
59,屏東,2023-10-16,94,12,7,,53,42,58,94
58,小港,2023-10-16,96,10,8,,52,67,46,96
57,前鎮,2023-10-16,103,10,8,,63,54,,103
56,前金,2023-10-16,97,10,7,,63,40,71,97
54,左營,2023-10-16,115,12,7,,65,42,93,115
53,楠梓,2023-10-16,102,5,7,,65,51,67,102
52,林園,2023-10-16,108,12,5,,49,30,108,81
51,大寮,2023-10-16,94,22,7,,61,52,41,94
50,鳳山,2023-10-16,95,10,8,,58,51,,95
49,仁武,2023-10-16,99,8,7,,56,60,71,99
48,橋頭,2023-10-16,116,8,7,,70,48,61,116
47,美濃,2023-10-16,73,5,5,,39,12,48,73
46,臺南,2023-10-16,128,5,8,,69,53,47,128
45,安南,2023-10-16,115,5,6,,70,45,44,115
44,善化,2023-10-16,107,12,6,,57,32,46,107
43,新營,2023-10-16,98,8,6,,62,28,54,98
42,嘉義,2023-10-16,122,10,7,,66,38,47,122
41,臺西,2023-10-16,68,5,3,,48,13,,68
40,朴子,2023-10-16,87,8,5,,59,20,87,83
39,新港,2023-10-16,99,8,5,,66,23,84,99
38,崙背,2023-10-16,93,8,6,,61,30,84,93
37,斗六,2023-10-16,104,5,6,,59,33,84,104
36,南投,2023-10-16,91,2,6,,47,37,51,91
35,二林,2023-10-16,97,10,6,,58,28,97,73
34,線西,2023-10-16,56,12,5,,47,30,,56
33,彰化,2023-10-16,90,2,5,,42,48,90,68
32,西屯,2023-10-16,77,5,3,,34,37,77,71
31,忠明,2023-10-16,64,5,5,,34,45,64,64
30,大里,2023-10-16,77,10,7,,47,57,46,77
29,沙鹿,2023-10-16,108,2,3,,41,27,108,62
28,豐原,2023-10-16,58,8,3,,29,28,58,58
27,三義,2023-10-16,77,5,2,,25,15,77,52
26,苗栗,2023-10-16,93,12,3,,29,23,93,54
25,頭份,2023-10-16,57,5,3,,37,18,,57
24,新竹,2023-10-16,90,2,3,,32,17,90,65
23,竹東,2023-10-16,84,2,2,,24,10,84,51
22,湖口,2023-10-16,100,2,3,,45,18,100,69
21,龍潭,2023-10-16,97,2,3,,36,13,97,57
20,平鎮,2023-10-16,93,0,3,,38,22,93,57
19,觀音,2023-10-16,115,20,3,,51,27,115,78
18,大園,2023-10-16,101,5,3,,43,28,101,62
17,桃園,2023-10-16,97,2,3,,35,22,97,64
16,大同,2023-10-16,75,2,8,,41,67,,75
15,松山,2023-10-16,77,2,5,,45,55,77,69
14,古亭,2023-10-16,104,2,3,,37,18,104,73
13,萬華,2023-10-16,90,2,5,,43,53,90,70
12,中山,2023-10-16,71,2,6,,42,57,71,69
11,士林,2023-10-16,118,5,3,,36,20,118,61
10,淡水,2023-10-16,132,5,5,,38,32,132,65
9,林口,2023-10-16,108,5,3,,41,28,108,61
8,菜寮,2023-10-16,108,2,5,,39,30,108,61
7,新莊,2023-10-16,100,2,3,,,38,100,75
6,板橋,2023-10-16,84,2,5,,35,38,84,70
5,土城,2023-10-16,84,2,5,,37,22,84,66
4,新店,2023-10-16,90,2,3,,35,27,90,60
3,萬里,2023-10-16,161,2,3,,52,8,161,63
2,汐止,2023-10-16,97,5,5,,39,55,97,68
1,基隆,2023-10-16,118,2,3,,36,42,118,66
85,大城,2023-10-15,146,2,2,,37,13,146,63
84,富貴角,2023-10-15,154,0,2,,55,3,154,65
83,麥寮,2023-10-15,68,10,3,,42,22,,68
80,關山,2023-10-15,48,2,3,,22,5,48,30
78,馬公,2023-10-15,126,0,3,,29,5,126,63
77,金門,2023-10-15,146,5,5,,42,15,146,81
75,馬祖,2023-10-15,156,2,3,,37,10,156,79
72,埔里,2023-10-15,67,2,3,,25,12,67,50
71,復興,2023-10-15,68,5,5,,34,38,,68
70,永和,2023-10-15,71,5,6,,35,22,,71
69,竹山,2023-10-15,97,2,5,,42,23,97,86
68,中壢,2023-10-15,71,8,9,,39,57,,71
67,三重,2023-10-15,70,2,12,,36,65,,70
66,冬山,2023-10-15,108,0,3,,29,15,108,55
65,宜蘭,2023-10-15,87,5,3,,26,13,87,63
64,陽明,2023-10-15,129,0,3,,30,5,129,57
63,花蓮,2023-10-15,53,5,5,,27,22,44,53
62,臺東,2023-10-15,48,2,3,,20,8,48,30
61,恆春,2023-10-15,74,0,3,,18,2,74,25
60,潮州,2023-10-15,49,10,2,,25,8,48,49
59,屏東,2023-10-15,65,12,5,,33,17,51,65
58,小港,2023-10-15,80,5,3,,29,42,80,58
57,前鎮,2023-10-15,65,10,5,,38,42,,65
56,前金,2023-10-15,100,8,5,,47,25,100,72
54,左營,2023-10-15,118,12,5,,50,27,118,87
53,楠梓,2023-10-15,79,8,5,,51,25,77,79
52,林園,2023-10-15,93,5,3,,27,12,93,48
51,大寮,2023-10-15,53,8,3,,32,18,46,53
50,鳳山,2023-10-15,58,12,6,,33,32,,58
49,仁武,2023-10-15,90,12,5,,39,28,90,70
48,橋頭,2023-10-15,95,5,5,,56,23,93,95
47,美濃,2023-10-15,69,2,3,,37,8,44,69
46,臺南,2023-10-15,108,5,6,,55,35,108,100
45,安南,2023-10-15,108,8,6,,58,35,108,96
44,善化,2023-10-15,101,15,5,,48,22,101,88
43,新營,2023-10-15,112,8,5,,52,25,112,84
42,嘉義,2023-10-15,108,10,5,,52,20,108,97
41,臺西,2023-10-15,62,5,3,,39,13,,62
40,朴子,2023-10-15,112,10,5,,50,27,112,77
39,新港,2023-10-15,118,8,5,,51,20,118,81
38,崙背,2023-10-15,112,8,5,,45,20,112,76
37,斗六,2023-10-15,108,5,5,,47,17,108,84
36,南投,2023-10-15,74,2,5,,34,28,74,67
35,二林,2023-10-15,122,10,5,,53,23,122,75
34,線西,2023-10-15,52,10,5,,38,22,,52
33,彰化,2023-10-15,112,2,5,,35,23,112,66
32,西屯,2023-10-15,97,2,3,,30,23,97,65
31,忠明,2023-10-15,87,5,5,,29,22,87,64
30,大里,2023-10-15,74,5,5,,28,28,74,61
29,沙鹿,2023-10-15,122,5,3,,34,17,122,61
28,豐原,2023-10-15,58,5,3,,24,10,58,57
27,三義,2023-10-15,90,2,3,,26,12,90,58
26,苗栗,2023-10-15,104,8,3,,29,15,104,59
25,頭份,2023-10-15,62,5,3,,35,20,,62
24,新竹,2023-10-15,108,5,5,,30,22,108,65
23,竹東,2023-10-15,93,2,3,,27,12,93,64
22,湖口,2023-10-15,108,5,5,,42,20,108,73
21,龍潭,2023-10-15,101,5,3,,35,17,101,61
20,平鎮,2023-10-15,100,0,5,,35,25,100,63
19,觀音,2023-10-15,108,12,3,,42,45,108,72
18,大園,2023-10-15,101,8,3,,36,53,101,62
17,桃園,2023-10-15,97,5,5,,34,25,97,67
16,大同,2023-10-15,71,2,7,,38,59,,71
15,松山,2023-10-15,115,2,5,,36,32,115,69
14,古亭,2023-10-15,112,5,3,,35,20,112,74
13,萬華,2023-10-15,100,2,5,,39,38,100,70
12,中山,2023-10-15,87,2,6,,39,45,87,71
11,士林,2023-10-15,112,2,3,,30,15,112,66
10,淡水,2023-10-15,97,2,5,,37,28,97,66
9,林口,2023-10-15,104,5,5,,37,18,104,65
8,菜寮,2023-10-15,112,2,6,,36,23,112,62
7,新莊,2023-10-15,112,2,5,,39,22,112,73
6,板橋,2023-10-15,101,2,6,,34,33,101,71
5,土城,2023-10-15,115,5,5,,34,17,115,68
4,新店,2023-10-15,118,5,5,,34,25,118,67
3,萬里,2023-10-15,129,2,3,,52,13,129,65
2,汐止,2023-10-15,115,8,5,,35,37,115,69
1,基隆,2023-10-15,122,2,5,,32,25,122,66
85,大城,2023-10-14,108,5,2,,28,28,108,38
84,富貴角,2023-10-14,132,0,2,,43,3,132,43
83,麥寮,2023-10-14,45,10,5,,32,27,,45
80,關山,2023-10-14,38,0,1,,10,7,38,7
78,馬公,2023-10-14,97,0,2,,18,5,97,29
77,金門,2023-10-14,84,8,3,,28,25,84,52
75,馬祖,2023-10-14,87,0,3,,31,12,87,65
72,埔里,2023-10-14,67,2,3,,26,12,67,49
71,復興,2023-10-14,64,28,5,,41,37,,64
70,永和,2023-10-14,53,2,6,,25,30,,53
69,竹山,2023-10-14,90,2,3,,36,20,90,70
68,中壢,2023-10-14,57,8,10,,30,57,,52
67,三重,2023-10-14,56,2,11,,26,56,,46
66,冬山,2023-10-14,74,2,3,,22,17,74,33
65,宜蘭,2023-10-14,49,2,2,,19,12,49,34
64,陽明,2023-10-14,90,2,3,,15,3,90,28
63,花蓮,2023-10-14,45,0,3,,18,17,45,24
62,臺東,2023-10-14,39,0,2,,14,13,39,11
61,恆春,2023-10-14,45,0,1,,11,0,45,8
60,潮州,2023-10-14,84,12,2,,27,7,84,49
59,屏東,2023-10-14,122,12,5,,42,22,122,67
58,小港,2023-10-14,108,30,3,,43,51,108,69
57,前鎮,2023-10-14,62,22,5,,42,32,,62
56,前金,2023-10-14,122,8,3,,41,23,122,56
54,左營,2023-10-14,132,8,5,,42,30,132,71
53,楠梓,2023-10-14,108,10,3,,43,37,108,57
52,林園,2023-10-14,140,18,2,,42,10,140,60
51,大寮,2023-10-14,104,28,5,,55,30,104,78
50,鳳山,2023-10-14,64,10,6,,40,35,,64
49,仁武,2023-10-14,115,12,3,,37,28,115,60
48,橋頭,2023-10-14,108,8,3,,42,28,108,67
47,美濃,2023-10-14,71,2,3,,34,8,71,52
46,臺南,2023-10-14,104,5,5,,49,40,104,72
45,安南,2023-10-14,97,8,5,,48,40,97,67
44,善化,2023-10-14,90,20,3,,38,27,90,61
43,新營,2023-10-14,100,8,3,,43,25,100,56
42,嘉義,2023-10-14,104,8,5,,43,27,104,70
41,臺西,2023-10-14,38,8,2,,30,28,,38
40,朴子,2023-10-14,87,5,5,,39,22,87,55
39,新港,2023-10-14,101,10,3,,44,25,101,65
38,崙背,2023-10-14,87,10,5,,39,25,87,57
37,斗六,2023-10-14,101,8,5,,43,23,101,62
36,南投,2023-10-14,74,2,5,,33,30,74,54
35,二林,2023-10-14,100,12,5,,42,28,100,47
34,線西,2023-10-14,31,8,3,,31,27,,24
33,彰化,2023-10-14,90,2,5,,27,32,90,
32,西屯,2023-10-14,61,5,3,,24,27,61,45
31,忠明,2023-10-14,58,5,5,,22,28,58,45
30,大里,2023-10-14,67,5,5,,25,32,67,42
29,沙鹿,2023-10-14,97,2,3,,24,17,97,37
28,豐原,2023-10-14,48,5,3,,23,17,48,42
27,三義,2023-10-14,54,2,3,,20,17,54,33
26,苗栗,2023-10-14,58,8,3,,23,18,58,37
25,頭份,2023-10-14,41,5,3,,29,23,,41
24,新竹,2023-10-14,64,8,5,,22,28,64,45
23,竹東,2023-10-14,50,2,3,,22,17,50,48
22,湖口,2023-10-14,77,5,3,,30,27,77,52
21,龍潭,2023-10-14,71,5,3,,29,27,71,34
20,平鎮,2023-10-14,58,0,5,,25,32,58,36
19,觀音,2023-10-14,97,8,3,,33,32,97,53
18,大園,2023-10-14,87,15,3,,28,45,87,40
17,桃園,2023-10-14,51,5,5,,25,28,51,43
16,大同,2023-10-14,64,2,10,,31,64,,57
15,松山,2023-10-14,48,2,5,,29,40,39,48
14,古亭,2023-10-14,58,2,3,,26,28,58,53
13,萬華,2023-10-14,49,2,5,,28,38,47,49
12,中山,2023-10-14,47,0,6,,27,37,46,47
11,士林,2023-10-14,71,8,3,,23,38,71,49
10,淡水,2023-10-14,74,2,5,,27,28,74,45
9,林口,2023-10-14,64,2,3,,26,25,64,40
8,菜寮,2023-10-14,64,2,5,,26,35,64,36
7,新莊,2023-10-14,58,2,5,,33,28,58,56
6,板橋,2023-10-14,49,0,6,,26,40,48,49
5,土城,2023-10-14,67,5,3,,25,20,67,46
4,新店,2023-10-14,74,8,3,,24,22,74,41
3,萬里,2023-10-14,64,2,3,,33,15,64,39
2,汐止,2023-10-14,48,8,5,,26,48,41,44
1,基隆,2023-10-14,45,2,5,,24,32,45,41
85,大城,2023-10-13,48,10,5,,33,35,48,34
84,富貴角,2023-10-13,67,0,1,,42,2,67,29
83,麥寮,2023-10-13,39,8,3,,38,25,,39
80,關山,2023-10-13,38,2,2,,15,8,38,8
78,馬公,2023-10-13,61,0,1,,22,3,61,31
77,金門,2023-10-13,90,8,2,,25,20,90,34
75,馬祖,2023-10-13,80,0,1,,18,8,80,31
72,埔里,2023-10-13,100,2,3,,27,12,100,45
71,復興,2023-10-13,57,8,6,,41,52,,57
70,永和,2023-10-13,41,5,5,,26,33,,41
69,竹山,2023-10-13,93,5,2,,39,20,93,66
68,中壢,2023-10-13,54,8,10,,29,54,,34
67,三重,2023-10-13,55,2,11,,25,55,,27
66,冬山,2023-10-13,43,2,2,,24,30,43,24
65,宜蘭,2023-10-13,42,0,2,,19,10,42,31
64,陽明,2023-10-13,49,0,1,,18,2,49,9
63,花蓮,2023-10-13,49,2,3,,22,20,49,26
62,臺東,2023-10-13,43,0,2,,22,13,43,16
61,恆春,2023-10-13,43,2,1,,16,0,43,15
60,潮州,2023-10-13,64,10,2,,26,18,64,42
59,屏東,2023-10-13,74,5,5,,35,28,74,
58,小港,2023-10-13,90,12,3,,39,55,90,56
57,前鎮,2023-10-13,54,12,6,,44,47,,54
56,前金,2023-10-13,112,10,5,,45,43,112,50
54,左營,2023-10-13,118,18,5,,41,32,118,58
53,楠梓,2023-10-13,108,8,3,,45,43,108,54
52,林園,2023-10-13,129,30,2,,40,23,129,53
51,大寮,2023-10-13,50,10,3,,40,28,50,45
50,鳳山,2023-10-13,53,50,7,,36,53,,47
49,仁武,2023-10-13,101,15,3,,32,32,101,45
48,橋頭,2023-10-13,118,8,5,,46,37,118,63
47,美濃,2023-10-13,90,2,3,,33,10,90,53
46,臺南,2023-10-13,100,5,3,,43,43,100,61
45,安南,2023-10-13,100,5,5,,46,42,100,59
44,善化,2023-10-13,87,8,3,,35,23,87,56
43,新營,2023-10-13,87,8,3,,43,25,87,49
42,嘉義,2023-10-13,115,8,3,,45,25,115,62
41,臺西,2023-10-13,40,15,5,,40,27,,40
40,朴子,2023-10-13,112,8,3,,42,18,112,49
39,新港,2023-10-13,101,5,2,,47,25,101,55
38,崙背,2023-10-13,90,5,3,,41,23,90,52
37,斗六,2023-10-13,112,8,3,,45,25,112,55
36,南投,2023-10-13,93,2,3,,36,35,93,51
35,二林,2023-10-13,87,8,3,,44,23,87,50
34,線西,2023-10-13,34,8,3,,34,23,,20
33,彰化,2023-10-13,87,5,3,,32,35,87,
32,西屯,2023-10-13,84,2,2,,30,25,84,44
31,忠明,2023-10-13,84,8,3,,30,35,84,41
30,大里,2023-10-13,108,5,5,,32,45,108,44
29,沙鹿,2023-10-13,80,2,2,,30,20,80,30
28,豐原,2023-10-13,93,5,3,,28,18,93,38
27,三義,2023-10-13,74,5,2,,24,15,74,29
26,苗栗,2023-10-13,54,8,2,,22,22,54,28
25,頭份,2023-10-13,30,5,2,,30,27,,29
24,新竹,2023-10-13,54,2,3,,22,28,54,29
23,竹東,2023-10-13,45,0,2,,19,13,45,29
22,湖口,2023-10-13,51,5,2,,32,20,51,39
21,龍潭,2023-10-13,43,2,2,,25,22,43,26
20,平鎮,2023-10-13,46,0,5,,25,33,46,25
19,觀音,2023-10-13,49,5,2,,34,38,49,36
18,大園,2023-10-13,46,8,2,,27,38,46,23
17,桃園,2023-10-13,44,5,5,,24,33,44,28
16,大同,2023-10-13,57,2,9,,30,57,,46
15,松山,2023-10-13,53,8,3,,27,53,38,32
14,古亭,2023-10-13,41,5,3,,28,32,41,37
13,萬華,2023-10-13,48,5,5,,30,48,43,33
12,中山,2023-10-13,47,2,6,,28,47,39,33
11,士林,2023-10-13,45,2,2,,21,18,45,27
10,淡水,2023-10-13,44,5,3,,27,38,44,28
9,林口,2023-10-13,43,2,2,,25,35,43,21
8,菜寮,2023-10-13,46,2,3,,25,23,46,22
7,新莊,2023-10-13,44,0,3,,32,22,44,38
6,板橋,2023-10-13,42,2,5,,27,37,42,36
5,土城,2023-10-13,45,5,3,,26,22,45,37
4,新店,2023-10-13,44,2,3,,24,25,44,27
3,萬里,2023-10-13,58,2,2,,56,13,58,28
2,汐止,2023-10-13,45,10,3,,24,45,43,28
1,基隆,2023-10-13,49,2,3,,25,27,49,24
85,大城,2023-10-12,74,8,2,,28,23,74,31
84,富貴角,2023-10-12,80,0,1,,42,2,80,31
83,麥寮,2023-10-12,35,8,3,,35,20,,33
80,關山,2023-10-12,43,2,2,,17,7,43,8
78,馬公,2023-10-12,67,0,2,,21,5,67,31
77,金門,2023-10-12,101,8,3,,27,18,101,46
75,馬祖,2023-10-12,97,2,2,,23,7,97,38
72,埔里,2023-10-12,97,2,3,,27,15,97,45
71,復興,2023-10-12,58,8,7,,46,55,,58
70,永和,2023-10-12,42,5,5,,24,33,,42
69,竹山,2023-10-12,101,2,2,,34,20,101,55
68,中壢,2023-10-12,52,5,9,,26,52,,33
67,三重,2023-10-12,58,0,11,,25,58,,29
66,冬山,2023-10-12,47,2,2,,18,22,47,16
65,宜蘭,2023-10-12,44,2,2,,11,10,44,20
64,陽明,2023-10-12,51,0,1,,13,0,51,14
63,花蓮,2023-10-12,48,2,3,,21,17,48,21
62,臺東,2023-10-12,46,0,2,,19,12,46,11
61,恆春,2023-10-12,28,28,1,,,2,,
60,潮州,2023-10-12,90,5,2,,33,10,90,51
59,屏東,2023-10-12,100,22,6,,52,40,100,
58,小港,2023-10-12,61,10,5,,47,52,61,60
57,前鎮,2023-10-12,60,10,6,,50,47,,60
56,前金,2023-10-12,100,8,5,,47,33,100,54
54,左營,2023-10-12,115,5,5,,47,32,115,67
53,楠梓,2023-10-12,101,8,5,,48,38,101,53
52,林園,2023-10-12,118,8,5,,50,28,118,64
51,大寮,2023-10-12,60,51,5,,54,45,58,60
50,鳳山,2023-10-12,58,18,7,,46,51,,58
49,仁武,2023-10-12,90,10,6,,42,53,90,54
48,橋頭,2023-10-12,101,8,5,,46,33,101,62
47,美濃,2023-10-12,97,8,3,,45,25,97,58
46,臺南,2023-10-12,90,5,5,,40,35,90,55
45,安南,2023-10-12,84,5,3,,40,32,84,48
44,善化,2023-10-12,100,5,2,,32,22,100,51
43,新營,2023-10-12,97,8,2,,37,20,97,42
42,嘉義,2023-10-12,93,8,3,,40,30,93,55
41,臺西,2023-10-12,34,8,3,,34,22,,28
40,朴子,2023-10-12,84,2,2,,38,12,84,37
39,新港,2023-10-12,93,8,2,,39,23,93,45
38,崙背,2023-10-12,71,5,2,,35,25,71,37
37,斗六,2023-10-12,97,5,2,,34,18,97,42
36,南投,2023-10-12,74,0,3,,26,32,74,34
35,二林,2023-10-12,67,8,3,,37,17,67,32
34,線西,2023-10-12,30,8,3,,30,22,,13
33,彰化,2023-10-12,64,2,3,,26,28,64,
32,西屯,2023-10-12,64,5,2,,23,18,64,34
31,忠明,2023-10-12,54,5,2,,20,23,54,29
30,大里,2023-10-12,67,2,3,,19,28,67,26
29,沙鹿,2023-10-12,58,2,2,,26,17,58,23
28,豐原,2023-10-12,50,5,2,,15,12,50,23
27,三義,2023-10-12,64,2,2,,17,8,64,18
26,苗栗,2023-10-12,58,8,2,,20,13,58,24
25,頭份,2023-10-12,25,5,2,,25,23,,24
24,新竹,2023-10-12,47,5,3,,20,25,47,29
23,竹東,2023-10-12,50,0,2,,17,10,50,29
22,湖口,2023-10-12,48,2,2,,27,15,48,35
21,龍潭,2023-10-12,50,2,2,,22,17,50,24
20,平鎮,2023-10-12,44,0,3,,22,27,44,20
19,觀音,2023-10-12,48,2,2,,31,22,48,31
18,大園,2023-10-12,45,5,2,,25,43,45,20
17,桃園,2023-10-12,44,5,3,,21,23,44,25
16,大同,2023-10-12,60,2,8,,27,60,,40
15,松山,2023-10-12,42,2,2,,26,42,41,32
14,古亭,2023-10-12,44,5,2,,25,25,44,34
13,萬華,2023-10-12,44,0,3,,27,33,44,32
12,中山,2023-10-12,43,0,5,,25,40,43,31
11,士林,2023-10-12,49,2,2,,18,15,49,25
10,淡水,2023-10-12,43,2,3,,26,28,43,29
9,林口,2023-10-12,40,0,2,,23,40,39,25
8,菜寮,2023-10-12,45,2,3,,24,27,45,23
7,新莊,2023-10-12,44,0,3,,28,25,44,37
6,板橋,2023-10-12,43,2,3,,24,38,43,36
5,土城,2023-10-12,46,2,2,,25,20,46,36
4,新店,2023-10-12,46,2,3,,23,23,46,29
3,萬里,2023-10-12,74,2,2,,64,8,74,32
2,汐止,2023-10-12,44,8,2,,23,43,44,30
1,基隆,2023-10-12,58,2,2,,24,7,58,27
85,大城,2023-10-11,101,2,2,,32,18,101,41
84,富貴角,2023-10-11,87,0,1,,49,2,87,41
83,麥寮,2023-10-11,36,8,3,,36,20,,34
80,關山,2023-10-11,44,2,2,,12,5,44,6
78,馬公,2023-10-11,71,0,2,,27,3,71,44
77,金門,2023-10-11,100,2,3,,27,15,100,51
75,馬祖,2023-10-11,77,2,2,,24,8,77,44
72,埔里,2023-10-11,67,2,3,,23,10,67,40
71,復興,2023-10-11,59,8,6,,41,45,,59
70,永和,2023-10-11,45,5,5,,23,28,,45
69,竹山,2023-10-11,90,2,2,,27,22,90,54
68,中壢,2023-10-11,45,5,9,,26,45,,39
67,三重,2023-10-11,62,2,11,,25,62,,34
66,冬山,2023-10-11,47,2,2,,16,43,47,19
65,宜蘭,2023-10-11,44,2,2,,13,13,44,26
64,陽明,2023-10-11,61,0,2,,14,2,61,12
63,花蓮,2023-10-11,49,2,3,,14,17,49,12
62,臺東,2023-10-11,48,0,2,,14,8,48,12
61,恆春,2023-10-11,-1,,,,,,,
60,潮州,2023-10-11,58,5,2,,29,7,58,49
59,屏東,2023-10-11,61,5,5,,37,28,61,
58,小港,2023-10-11,56,10,3,,41,42,47,56
57,前鎮,2023-10-11,57,12,5,,44,42,,57
56,前金,2023-10-11,74,5,3,,45,28,74,55
54,左營,2023-10-11,93,5,5,,46,33,93,70
53,楠梓,2023-10-11,64,5,3,,43,25,64,55
52,林園,2023-10-11,93,15,2,,40,10,93,56
51,大寮,2023-10-11,59,28,3,,45,43,34,59
50,鳳山,2023-10-11,53,8,7,,37,50,,53
49,仁武,2023-10-11,71,10,5,,39,47,71,56
48,橋頭,2023-10-11,67,5,3,,43,23,67,59
47,美濃,2023-10-11,58,0,3,,30,12,58,51
46,臺南,2023-10-11,90,2,5,,45,25,90,58
45,安南,2023-10-11,87,2,3,,42,23,87,51
44,善化,2023-10-11,77,2,2,,29,17,77,48
43,新營,2023-10-11,90,5,3,,37,20,90,41
42,嘉義,2023-10-11,87,8,3,,31,25,87,53
41,臺西,2023-10-11,36,5,2,,36,17,,34
40,朴子,2023-10-11,74,10,2,,39,15,74,44
39,新港,2023-10-11,71,8,2,,36,17,71,40
38,崙背,2023-10-11,67,5,2,,33,18,67,37
37,斗六,2023-10-11,97,5,2,,29,20,97,37
36,南投,2023-10-11,58,2,3,,22,23,58,31
35,二林,2023-10-11,90,5,3,,38,15,90,34
34,線西,2023-10-11,32,8,3,,32,18,,16
33,彰化,2023-10-11,61,2,3,,22,20,61,33
32,西屯,2023-10-11,51,2,2,,19,15,51,30
31,忠明,2023-10-11,48,2,2,,18,22,48,28
30,大里,2023-10-11,49,5,3,,15,23,49,18
29,沙鹿,2023-10-11,71,0,2,,20,13,71,18
28,豐原,2023-10-11,42,5,2,,13,12,42,23
27,三義,2023-10-11,47,5,2,,13,7,47,18
26,苗栗,2023-10-11,51,5,2,,16,13,51,25
25,頭份,2023-10-11,25,2,2,,24,13,,25
24,新竹,2023-10-11,58,2,3,,18,18,58,27
23,竹東,2023-10-11,49,0,2,,14,7,49,27
22,湖口,2023-10-11,54,2,2,,28,15,54,38
21,龍潭,2023-10-11,48,2,2,,24,13,48,29
20,平鎮,2023-10-11,47,2,3,,21,25,47,31
19,觀音,2023-10-11,54,2,2,,35,22,54,37
18,大園,2023-10-11,46,5,2,,26,32,46,27
17,桃園,2023-10-11,45,2,3,,22,32,45,31
16,大同,2023-10-11,60,2,10,,27,60,,46
15,松山,2023-10-11,45,2,3,,26,45,42,36
14,古亭,2023-10-11,45,5,2,,25,23,45,41
13,萬華,2023-10-11,45,2,3,,28,45,45,37
12,中山,2023-10-11,47,0,5,,26,47,44,39
11,士林,2023-10-11,49,0,2,,19,15,49,32
10,淡水,2023-10-11,50,2,2,,24,13,50,30
9,林口,2023-10-11,43,0,2,,24,32,43,24
8,菜寮,2023-10-11,45,2,3,,24,28,45,23
7,新莊,2023-10-11,45,0,3,,30,37,45,43
6,板橋,2023-10-11,43,2,3,,26,35,43,41
5,土城,2023-10-11,45,2,3,,23,20,45,37
4,新店,2023-10-11,45,0,3,,21,20,45,32
3,萬里,2023-10-11,77,2,2,,66,7,77,36
2,汐止,2023-10-11,47,5,3,,24,47,43,34
1,基隆,2023-10-11,58,2,2,,26,7,58,32
85,大城,2023-10-10,50,2,2,,22,15,50,23
84,富貴角,2023-10-10,58,0,1,,36,2,58,28
83,麥寮,2023-10-10,24,5,2,,24,17,,24
80,關山,2023-10-10,31,2,1,,9,3,31,
78,馬公,2023-10-10,47,0,2,,15,5,47,24
77,金門,2023-10-10,67,2,3,,16,13,67,36
75,馬祖,2023-10-10,74,0,3,,26,8,74,50
72,埔里,2023-10-10,41,2,2,,19,8,41,33
71,復興,2023-10-10,60,8,5,,34,51,,60
70,永和,2023-10-10,31,2,3,,9,17,,31
69,竹山,2023-10-10,51,2,2,,25,20,48,51
68,中壢,2023-10-10,47,2,8,,11,47,,21
67,三重,2023-10-10,51,0,10,,10,51,,17
66,冬山,2023-10-10,50,0,2,,7,50,42,7
65,宜蘭,2023-10-10,41,2,1,,9,8,41,19
64,陽明,2023-10-10,46,0,1,,2,2,46,
63,花蓮,2023-10-10,34,2,2,,9,27,34,8
62,臺東,2023-10-10,35,0,1,,11,8,35,9
61,恆春,2023-10-10,32,0,1,,13,2,32,4
60,潮州,2023-10-10,50,2,2,,26,7,50,46
59,屏東,2023-10-10,80,8,3,,30,20,80,
58,小港,2023-10-10,61,10,3,,34,45,61,56
57,前鎮,2023-10-10,57,12,5,,38,57,,56
56,前金,2023-10-10,67,2,3,,41,15,67,53
54,左營,2023-10-10,80,2,3,,43,22,80,66
53,楠梓,2023-10-10,71,2,3,,38,30,71,54
52,林園,2023-10-10,84,2,2,,38,12,84,56
51,大寮,2023-10-10,59,28,3,,40,30,58,59
50,鳳山,2023-10-10,47,5,6,,32,27,,47
49,仁武,2023-10-10,77,5,3,,34,28,77,53
48,橋頭,2023-10-10,71,2,3,,38,17,71,57
47,美濃,2023-10-10,50,2,2,,23,7,50,38
46,臺南,2023-10-10,61,0,5,,38,30,61,58
45,安南,2023-10-10,54,2,3,,35,18,54,52
44,善化,2023-10-10,54,2,2,,25,15,54,48
43,新營,2023-10-10,51,5,2,,29,15,51,35
42,嘉義,2023-10-10,58,8,3,,29,23,58,52
41,臺西,2023-10-10,27,8,2,,27,15,,24
40,朴子,2023-10-10,50,2,2,,25,15,50,31
39,新港,2023-10-10,51,5,2,,29,17,51,35
38,崙背,2023-10-10,47,2,2,,24,17,47,27
37,斗六,2023-10-10,54,2,2,,26,15,54,33
36,南投,2023-10-10,45,2,3,,17,25,45,24
35,二林,2023-10-10,47,5,2,,24,17,47,22
34,線西,2023-10-10,22,5,3,,22,15,,
33,彰化,2023-10-10,46,0,2,,16,17,46,26
32,西屯,2023-10-10,43,2,2,,12,13,43,23
31,忠明,2023-10-10,42,2,3,,14,23,42,21
30,大里,2023-10-10,44,2,3,,9,22,44,11
29,沙鹿,2023-10-10,47,2,2,,13,12,47,12
28,豐原,2023-10-10,39,2,2,,8,8,39,15
27,三義,2023-10-10,41,2,2,,8,8,41,12
26,苗栗,2023-10-10,38,5,2,,6,12,38,10
25,頭份,2023-10-10,12,2,2,,12,12,,10
24,新竹,2023-10-10,40,2,2,,8,15,40,13
23,竹東,2023-10-10,41,0,1,,4,5,41,9
22,湖口,2023-10-10,40,2,2,,15,12,40,20
21,龍潭,2023-10-10,39,2,2,,9,10,39,8
20,平鎮,2023-10-10,35,2,3,,8,23,35,11
19,觀音,2023-10-10,42,8,2,,21,13,42,24
18,大園,2023-10-10,40,8,2,,15,32,40,14
17,桃園,2023-10-10,37,2,3,,9,17,37,15
16,大同,2023-10-10,40,2,6,,15,40,,34
15,松山,2023-10-10,39,5,2,,10,33,39,19
